,0,1,2
0,1,Ahlund,Christer
1,2,Zaslavsky,Arkady
2,3,Matskin,Mihhail
3,4,Akhgar,Babak
4,5,Siddiqi,Jawed
5,6,Foster,Mark
6,7,Siddiqi,Heena
7,8,Akhgar,Aryan
8,9,Allen,Jonathan P
9,10,Berger,Stefan
10,11,Lehmann,Hans
11,12,Lehner,Franz
12,13,Bhushan,Navneet
13,14,Bjorkdahl,Joakim
14,15,Bohlin,Erik
15,16,Burmakin,Eugene M.
16,17,Tuominen,Juha O.
17,18,Byeon,Eui-seok
18,19,Ahn,Seung-bum
19,20,Camponovo,Giovanni
20,21,Pigneur,Yves
21,22,Chiu,Dickson K.W.
22,23,Cheung,Shing-chi
23,24,Kafeza,Eleanna
24,25,Constantiou,Ioanna D.
25,26,Rodina,Elizaveta
26,27,Polyzos,George C.
27,28,Crispo,Bruno
28,29,Sheye,Simeon
29,30,Dempsey,Shane
30,31,Donnelly,Willie
31,32,Dogac,Asuman
32,33,Laleci,Gokce
33,34,Kabak,Yildiray
34,35,Kurt,Gokhan
35,36,Acar,Aybar
36,37,Figaredo,Alvaro
37,38,Papi,Jose
38,39,Folinas,D
39,40,Vlachopoulos,M.
40,41,Manthou,V.
41,42,Zogopoulos,D.
42,43,Fouskas,Konstantinos G.
43,44,Pateli,Adamantia G.
44,45,Spinellis,Diomidis D.
45,46,Virola,Heli
46,47,Frank,Lauri
47,48,Heikkila,Jukka
48,49,Giaglis,George M
49,50,Tsamakos,Argiris
50,51,Kourouthanassis,Panagiotis
51,52,Gottlob,Georg
52,53,Herzog,Marcus
53,54,Waser,Alois
54,55,Grantham,Andrew
55,56,Tsekouras,George
56,57,Griazina,Alexandra
57,58,Velmushkin,Mikhail
58,59,Gryazin,Eugene A.
59,60,Seppala,Olli
60,61,Herzwurm,Georg
61,62,Schockerty,Sixten
62,63,Dowie,Ulrike
63,64,Breidung,Michael
64,65,Houssos,Nikos
65,66,Gazis,Vangelis
66,67,Alonistioti,Athanassia
67,68,Kolmel,Bernhard
68,69,Alexakis,Spiros
69,70,Kavassalis,Petros
70,71,Spyropoulou,Ntina
71,72,Giakoumidakis,Manos
72,73,Karampatsaki,Xenia
73,74,Mitrokostas,Evangelos
74,75,Papadaki,Mariela
75,76,Gikas,Grigoris
76,77,Hatzistamatiou,Antonis
77,78,Kouris,Fotis
78,79,Stavropoulou,Anastasia
79,80,Roussos,George
80,81,Kviselius,Niklas Z.
81,82,Lee,Won Jun
82,83,Kim,Tae Ung
83,84,Chung,Jay-young
84,85,Malliou,Eleni
85,86,Miliarakis,Antonis
86,87,Stavros,Savvas
87,88,Sotiriou,Sofoklis A.
88,89,Startakis,Manolis
89,90,Manus,Gary Mc.
90,91,Mentrup,Christian
91,92,Fuhrer,Oliver
92,93,Mizaras,Vassilis
93,94,Kauber,Markus
94,95,Ng,Alexander
95,96,Pangrazi,Charles
96,97,Panis,Stathis
97,98,Morphis,Neophytos
98,99,Felt,Elisabeth
99,100,Reufenheuser,Britta
100,101,Bohm,Andreas
101,102,Nitz,Janka
102,103,Saarlo,Petri
103,104,Pantzis,Yannis
104,105,Pau,L-f
105,106,Dits,Jeroen
106,107,Pippow,Ingo
107,108,Eifert,Dietmar
108,109,Struker,Jens
109,110,Pirotta,Martin
110,111,Leonas,Vladas
111,112,Pitkanen,Olli
112,113,Mantyla,Martti
113,114,Valimaki,Mikko
114,115,Kemppinen,Jukka
115,116,Rakotonirainy,Andry
116,117,Rangone,Andrea
117,118,Renga,Filippo Maria
118,119,Balocco,Raffaello
119,120,Rao,B
120,121,Parikh,Mihir
121,122,Patel,Uma
122,123,Sakarya,Taskin
123,124,Samaras,G
124,125,Schizas,C
125,126,Andreou,A.S.
126,127,Chrysostomou,C.
127,128,Leonidou,C.
128,129,Mavromoustakos,S.
129,130,Pitsillides,A.
130,131,Samsioe,Jorgen
131,132,Samsioe,Anette
132,133,Seibt,Dietrich
133,134,Ingerfeld,Peter
134,135,Lee,Phil-Lip
135,136,Sideris,Ioannis A.
136,137,Sigala,Marianna
137,138,Simons,Luuk P.A.
138,139,Wagenaar,Rene W.
139,140,Tretjakov,Sergei
140,141,Tsoukas,Ted
141,142,Tsamaloukas,Kostas
142,143,Demetriades,Dimitri
143,144,Ververidis,Christopher
144,145,Vihinen,Janne
145,146,Tuunainen,Virpi Kristiina
146,147,Vrechopoulos,Adam P.
147,148,Zografos,Konstantinos G.
148,149,Madas,Michael A.
149,150,Abate-Daga,Enrico
150,151,Azzouz,Lamia Ben
151,152,Drira,Lamia
152,153,Kamoun,Farouk
153,154,Barnes,Stuart J.
154,155,Scornavacca,Eusebio
155,156,BenMoussa,Chihab
156,157,Carlsson,Christer
157,158,Walden,Pirkko
158,159,Carvalho,Nuno
159,160,Germano,Paulo
160,161,Silva,Luis Moura
161,162,Dahlberg,Tomi
162,163,Mallat,Niina
163,164,Oorni,Anssi
164,165,Dolleschal,Andreas
165,166,Facchetti,Antonello
166,167,Savoldelli,Alberto
167,168,Gruhm,Volker
168,169,Hulder,Malte
169,170,Ijioui,Raschid
170,171,van der Heijden,Hans
171,172,Sorensen,Lotte Sanhstad
172,173,Heitmann,Mark
173,174,Stanoevska-Slabeva,Katarina
174,175,Hovanyi,Daniel
175,176,Seidel,Alexander
176,177,Temmer,Dan
177,178,Jayaputera,Glenn
178,179,Loke,Seng
179,180,Kalbitzer,Tim
180,181,Kirisci,Pierre T.
181,182,Tonn,Klaus-Motoki
182,183,Kim,Gihee
183,184,Kim,Seongcheol
184,185,Kohne,Frank
185,186,Totz,Carsten
186,187,Wehmeyer,Kai
187,188,Porak,Anatol
188,189,Krainz,Wolfgang
189,190,Lawrence,Elaine
190,191,Culjak,Gordana
191,192,Injam,Srinivas
192,193,Sofokleous,A.
193,194,Lindmark,Sven
194,195,Maitland,Carleen
195,196,van de Kar,Elisabeth A.M.
196,197,de Montalvo,Uta W.
197,198,Bouwman,Harry
198,199,Meij,S.
199,200,van Heck,E.
200,201,Munnukka,Juha
201,202,Mattila,Minna
202,203,Harkonen,Anja
203,204,Neudorfer,Reinhard
204,205,Simonitsch,Karoline
205,206,Nguyen,Quang Nhat
206,207,Cavada,Dario
207,208,Ricci,Francesco
208,209,Pickard,Tim
209,210,Pousttchi,Key
210,211,Rajala,Risto
211,212,Rossi,Matti
212,213,Repo,Petteri
213,214,Hyvonen,Kaarina
214,215,Pantzar,Mika
215,216,Timonen,Paivi
216,217,Reuter,Andre
217,218,Zeimpekis,Vasileios
218,219,Rupnik,Rok
219,220,Krisper,Marjan
220,221,Salmikuukka,Jukka
221,222,Salonen,Jarno
222,223,Karjalainen,Janne
223,224,San Pedro,Jocelyn
224,225,Burstein,Frada
225,226,Schneider,Judith
226,227,Schroder,Frank
227,228,Sackmann,Stefan
228,229,Suoranta,Mari
229,230,Tanaka,Ichiro
230,231,Arimura,Tadaaki
231,232,Yokoyama,Shigetoshi
232,233,Trogl,Jurgen
233,234,Pfiegl,Reinhard
234,235,Vedati,Krisna
235,236,Brotzler,Stefan
236,237,Veijalainen,Jari
237,238,Yamakawa,Peter
238,239,Markkula,Jouni
239,240,Tsalgatidou,Afrodite
240,241,Hadjiefthymiades,Stathes
241,242,Matsumoto,Mitsuji
242,243,Vlachos,Pavlos
243,244,Woolfall,Damian
244,245,Aneiba,Adel
245,246,Hanlon,Sandra
246,247,Shah,Hanifa
247,248,Brodt,Torsten
248,249,Hodgkin,Julie
249,250,Cerutti,Davide
250,251,Damsgaard,Jan
251,252,Dorn,Jurgen
252,253,Peter,Markus
253,254,Drossos,Dimitris
254,255,Gan,Choon Hean
255,256,Heinkele,Christian
256,257,Jamoszko,A. T.
257,258,Leong,Leslie
258,259,Ali Eldin,Amr
259,260,Wang,Yan
260,261,Karnouskos,Stamatis
261,262,Hondouraki,Anna
262,263,Vilmos,Andras
263,264,Csik,Balazs
264,265,Knutsen,Lars Andreas
265,266,Overby,Mikkel Lucas
266,267,Lawrence,John
267,268,Marschall,Matthias
268,269,Mattila,Anssi
269,270,Methlie,Leif B.
270,271,Gressgard,Leif Jarle
271,272,Navarro,Karla Felix
272,273,Steele,Robert
273,274,Riudavets,Josep
274,275,Oliveira,Rui
275,276,Page,John
276,277,Indrawan,Maria
277,278,Oremus,M.H.P.
278,279,Pratistha,I Made (Dennis)
279,280,Dick,Martin
280,281,Cuce,Simon
281,282,Roggenkamp,Klas
282,283,Kriper,Marjan
283,284,Dillon,Tharam
284,285,Tee,Richards
285,286,Turel,Ofir
286,287,Serenko,Alexander
287,288,Walker,Brett
288,289,Ziv,Nina
289,290,Zmijewska,Agnieszka
290,291,Adam,Otmar
291,292,Chikova,Pavlina
292,293,Hofer,Anja
293,294,Agbinya,Johnson I.
294,295,Li,Yang
295,296,Ali-Vehmas,Timo
296,297,Luukkainen,Sakari
297,298,Al-Jaljouli,Raja
298,299,Androulidakis,Nikos
299,300,Androulidakis,Iosif
300,301,Biemer,Michael
301,302,Hampe,Feix J.
302,303,Bina,Maria
303,304,Blechar,Jennifer
304,305,Borreguero,Martinez
305,306,Pelaez,Chaparro
306,307,Carroll,Amy
307,308,Chan,Henry C.B.
308,309,Ye,Lei
309,310,Chan,Joe C.
310,311,Hoang,Doan B.
311,312,Chang,Gwo-ching
312,313,Chang,Wei-lun
313,314,Lin,I-chien
314,315,Chehimi,Fadi
315,316,Coulton,Paul
316,317,Edwards,Reuben
317,318,Chen,Leida
318,319,Corritore,Cindy
319,320,Cheong,France
320,321,Wang,Wenqing
321,322,Das,Manik Lal
322,323,Saxena,Ashutosh
323,324,Dawson,Linda
324,325,Hawking,Paul
325,326,Stein,Andrew
326,327,Sharma,Pramod
327,328,Zeleznikow,John
328,329,Devon,Nugent
329,330,Foster,Sue
330,331,Di Pietro,Roberto
331,332,Strangio,Maurizio A.
332,333,Me,Gianluigi
333,334,Downes,Barry
334,335,Pfeifer,Tom
335,336,Ryan,Conor
336,337,Duda,Ingrid
337,338,Aleksy,Markus
338,339,Butter,Thomas
339,340,Er,Michael
340,341,Kay,Robert
341,342,Fu,Tak-chung
342,343,Chung,Fu-lai
343,344,Lam,Chun-fai
344,345,Luk,Robert
345,346,Ng,Chak-man
346,347,Glissmann,Susanne
347,348,Smolnik,Stefan
348,349,Schierholz,Ragnar
349,350,Kolbe,Lutz
350,351,Brenner,Walter
351,352,Grohmann,Guido
352,353,Martin,Gunnar
353,354,Gururajan,Raj
354,355,Murugesan,San
355,356,Haagsma,J J
356,357,Haylock,R D
357,358,Sandrasegaran,K
358,359,Han,Sang-yeal
359,360,Cho,Moon-kyo
360,361,Choi,Mun-kee
361,362,Hawryszkiewycz,Igor
362,363,Hecker,Michael
363,364,Karol,Alankar
364,365,Stanton,Christopher
365,366,Williams,Mary-Anne
366,367,Kotsis,Gabriele
367,368,Kronsteiner,Reinhard
368,369,Heikkinen,Marko T.
369,370,Still,Johanna
370,371,Huber,Rainer
371,372,Jordan,Norbert
372,373,Imai,Yoshiro
373,374,Ooga,Makoto
374,375,Yamane,Daisuke
375,376,Sadayuki,Osamu
376,377,Iwamoto,Yutaka
377,378,Masuda,Shinichi
378,379,Innes,Douglas
379,380,Fabini,Joachim
380,381,Kadyt,Vaida
381,382,Meijer,Geleyn
382,383,Hunteler,Martijm
383,384,Kbar,Ghassan
384,385,Mansoor,Wathiq
385,386,Kogeda,Okuthe P.
386,387,Omlin,Christian W.
387,388,Kouhbor,S.
388,389,Ugon,Julien
389,390,Kruger,Alex
390,391,Rubinov,Alex
391,392,Kurschl,Werner
392,393,Schmid,Stefan
393,394,Domscha,Christian
394,395,Lakay,Elthea T.
395,396,Langendorfer,Peter
396,397,Piotrowski,Krzysztof
397,398,Maaser,Michael
398,399,Laukkanen,Tommi
399,400,Lee,Thaemin
400,401,Jun,Jongkun
401,402,Leu,Fang-yie
402,403,Tsai,Hsiao-hong
403,404,Lim,Andriew S.
404,405,Lin,Hsin-hui
405,406,Lin,Wilfred W. K.
406,407,Wong,Allan K. Y.
407,408,Lo,Jason C. T.
408,409,Lubrin,Einstein
409,410,Marmaridis,Ioakim
410,411,Unhelkar,Bhuvan
411,412,McManus,Patricia
412,413,Michael,Katina
413,414,McCathie,Luke
414,415,Tootell,Holly
415,416,Michelis,Daniel
416,417,Nicolai,Thomas
417,418,Resatsch,Florian
418,419,Schildhauer,Thomas
419,420,Ballon,Pieter
420,421,Sokol,Joachim
421,422,Moors,Tim
422,423,Mei,Matvyn
423,424,Salim,Agus
424,425,Mukherjee,Amitava
425,426,Biswas,Agnimitra
426,427,Munasinghe,Kumudu S.
427,428,Shahrestani,Seyed A.
428,429,Venkatakrishnan,Balasubramanian A.
429,430,Nguyen,Tuan Loc
430,431,Ouakil,Laurent
431,432,Pujolle,Guy
432,433,Ondrus,Jan
433,434,Ooi,Pauline
434,435,Panayiotou,Christoforos
435,436,Andreou,Maria
436,437,Park,Nam-shik
437,438,Lee,Kang-woo
438,439,Kim,Hyun
439,440,Chen,H.
440,441,Coterlet,P. Van De
441,442,Zuidwijk,R. A.
442,443,Phu,David
443,444,Jamieson,Rodger
444,445,Pousti,Hamidreza
445,446,Hasan,Helen
446,447,Prasad,Mishul
447,448,Rahman,Shapiee A.
448,449,Bhalla,Subhash
449,450,Hashimoto,Tetsuya
450,451,Rangan,Murali
451,452,Swierk,Ed
452,453,Terry,Douglas B.
453,454,Rashid,Omer
454,455,Ristola,Annu
455,456,Koivumaki,Timo
456,457,Kesti,Manne
457,458,Robinson,Ricky
458,459,Indulska,Jadwiga
459,460,Sadler,Kirsten
460,461,Robertson,Toni
461,462,Kan,Melanie
462,463,Saliba,Antony
463,464,Kendall,Elizabeth A.
464,465,Newmarch,Jan
465,466,Fan,Yandong
466,467,Li,Mo
467,468,Huang,Xiaoan
468,469,Sawng,Yeong-Wha
469,470,Lee,Jeong-su
470,471,Han,Hyun-soo
471,472,Gupta,Anutag
472,473,Ostrowski,Alexander
473,474,Schwabe,Gerhard
474,475,Goth,Christoph
475,476,Frohberg,Dirk
476,477,Shajeemohan,B.S.
477,478,Govindan,V.K.
478,479,Sheng,Quan Z.
479,480,Benatallah,Boualem
480,481,Skinner,Geoff
481,482,Chang,Elizabeth
482,483,Sloane,Antony M.
483,484,Verity,Domonic R.
484,485,Ye,Qingsong
485,486,Soininen,Martti
486,487,Teo,Evelyn
487,488,Fraunholz,Bardo
488,489,Unnithan,Chandana
489,490,Vijay,Varadharajan
490,491,Gan,Zao-Bin
491,492,Lin,Ching
492,493,Wolf,Heiko
493,494,Wang,Mengqiu
494,495,Wong,Chin Chin
495,496,Hiew,Pang Leang
496,497,Wu,Jim
497,498,Huang,Tze-Haw
498,499,Wu,Richard S.L.
499,500,Yamakami,Toshihiko
500,501,Yuan,Yufei
501,502,Zheng,Wuping
502,503,Angelov,Bojan
503,504,Van Bossuyt,Michael
504,505,Campbell,Damon E.
505,506,Sarker,Saonee
506,507,Valacich,Joseph S.
507,508,Coursaris,Constantinos
508,509,Hassanein,Khaled
509,510,Head,Milena
510,511,Decker,Michael
511,512,Schiefer,Gunther
512,513,Bulander,Rebecca
513,514,Reichl,Peter
514,515,Poropatich,Alexander
515,516,Feng,Haiqi
516,517,Hoegler,Tamara
517,518,Stucky,Wolffried
518,519,Fox,Paul
519,520,Wareham,Jonathan
520,521,Rezania,Davar
521,522,Christiaanse,Ellen
522,523,Garner,Philip
523,524,Heinonen,Kristina
524,525,Strandvik,Tore
525,526,Henri,Isaac
526,527,Aurelie,Leclercq
527,528,Huzaini,Wan
528,529,Hussin,Wan
529,530,Sugiue,Yuichi
530,531,Hori,Yukio
531,532,Junglas,Iris
532,533,Spitzmuller,Christiane
533,534,Kargin,Banu
534,535,Basoglu,Nuri
535,536,Komninos,Andreas
536,537,Barrie,Peter
537,538,Newman,Julian
538,539,Landsburgh,Stuart
539,540,Komulainen,Hanna
540,541,Krotov,Vlad
541,542,Leijdekkers,Peter
542,543,Gay,Valerie
543,544,Lu,Nhiem
544,545,Swatman,Paula
545,546,Marchegiani,Lucia
546,547,Mcmahon,Matthew
547,548,Steketee,Chris
548,549,de Melo,Guido M.
549,550,Nagler-Ihlein,Jurgen
550,551,Weber,Michael
551,552,Mcnamee,Andrew
552,553,Michael,MG
553,554,Nickerson,Robert C.
554,555,Isaac,Henri
555,556,Phani Kumar,K.
556,557,Shailaja,G.
557,558,Kavitha,A.
558,559,Thurnher,Bettina
559,560,Wiedemann,Dietmar G.
560,561,Saastamoinen,Mika
561,562,Richter,Jutta G.
562,563,Nixdorf,Mirco
563,564,Becker,Arnd
564,565,Koch,Tobias
565,566,Monser,Robert
566,567,Schneider,Matthias
567,568,Sandstrom,Carl
568,569,Sanz-velasco,Stefan
569,570,Saugstrup,Dan
570,571,Henten,Anders
571,572,Steinert,Martin
572,573,Tan,Chor Min
573,574,Tan,Su-en
574,575,Thestrup,Jesper
575,576,Sorensen,Trine F.
576,577,De Bona,Mauro
577,578,Mulloth,Bala
578,579,Alhinai,Yousuf S.
579,580,Kurnia,Sherah
580,581,Johnston,Robert B.
581,582,Archer,Norm
582,583,Basole,Rahul C.
583,584,Bernardos,Ana M.
584,585,Casar,Jose R.
585,586,Tarrio,Paula
586,587,Karaiskos,Dimitrios
587,588,Bohl,Oliver
588,589,Manouchehri,Shakib
589,590,Ammermueller,Sebastian
590,591,Gerstheimer,Oliver
591,592,Molina-castillo,Francisco J.
592,593,Carroll,Jennie
593,594,Chande,Suresh
594,595,Pajunen,Lasse
595,596,Docter,Jordi
596,597,Licciardi,Carlo Alberto
597,598,Marchetti,Marco
598,599,El-kiki,Tarek
599,600,Gao,Shang
600,601,Gebauer,Judith
601,602,Tang,Ya
602,603,Ghotra,Sandeep Singh
603,604,Mandhan,Baldev Kumar
604,605,Wei,Sam Shang Chun
605,606,Song,Yi
606,607,Gidofalvi,Gyozo
607,608,Larsen,Hans Ravnkjaer
608,609,Pedersen,Torben Bach
609,610,Grist,Shelly
610,611,Hafeez-baig,Abdul
611,612,Khan,Shamim
612,613,Guo,Wubin
613,614,Hu,Xiangpei
614,615,Zhou,Kuanjiu
615,616,Sun,Lijun
616,617,Hillbrand,Christian
617,618,Schoech,Robert
618,619,Huber,Nicholas
619,620,Hwang,Yong-Eun
620,621,Suh,Hyun-Ju
621,622,Koutsiouris,Vasilios
622,623,Polychronopoulos,Costas
623,624,Lee,Heejin
624,625,Yang,Song
625,626,Gottesheim,Wolfgang
626,627,Mitsch,Stefan
627,628,Prokop,Rene
628,629,Schonbock,Johannes
629,630,Kuschel,Jonas
630,631,Sinkkonen,Suvi
631,632,Kivijarvi,Marke
632,633,Laukkanen,Pekka
633,634,Tung,Tracy
634,635,Li,Wenli
635,636,Ling,Hong
636,637,Dong,Tao
637,638,Xu,Zhengchuan
638,639,Tan,Peiqiang
639,640,Lu,Yaobin
640,641,Dong,Yuanyuan
641,642,Wang,Bin
642,643,Madlmayr,Gerald
643,644,Dillinger,Oliver
644,645,Langer,Josef
645,646,Schaffer,Christoph
646,647,Kantner,Christian
647,648,Scharinger,Josef
648,649,Markova,Maiju
649,650,Aula,Anne
650,651,Min,Qingfei
651,652,Ji,Shaobo
652,653,ODonnell,Jonathan
653,654,Jackson,Margaret
654,655,Motiwalla,J.
655,656,Pisko,Evgenia
656,657,Schiessler,Max
657,658,Catti,Paolo
658,659,Mitrione,Flavia
659,660,Mondini,Christian
660,661,Furregoni,Enrico
661,662,Valsecchi,Marta
662,663,Rosendahl,Andreas
663,664,Hampe,J. Felix
664,665,Botterweck,Goetz
665,666,Rosengren,Bjorn
666,667,Herrera,Federico
667,668,Shieh,Yao Y.
668,669,Tsai,Fong Y.
669,670,Anavim,Arash
670,671,Shih,Dong-Her
671,672,Cheng,Chih-Hung
672,673,Shen,Jui-Chi
673,674,Sims,Fuchsia
674,675,Elliot,Steve
675,676,Song,Mingqiu
676,677,Li,Jiahua
677,678,Deng,Guishi
678,679,Steen,Hakon Ursin
679,680,Trevarthen,Adam
680,681,Vatanparast,Ramin
681,682,Viehland,Dennis
682,683,Yang,Chongyun
683,684,Wang,Shuo
684,685,Weng,Zhiyong
685,686,Tran,Thomas
686,687,Wong,Jackei
687,688,Wright,David J
688,689,Wu,Leijia
689,690,Wyse,James E.
690,691,Zeidler,Christian
691,692,Kittl,Christian
692,693,Petrovic,Otto
693,694,Zhao,Xiaoping
694,695,Chen,Shouming
695,696,Delaere,Simon
696,697,Walravens,Nils
697,698,Ghezzi,Antonio
698,699,Bonometti,Giuseppe
699,700,Botzenhardt,Timo
700,701,van de Wijngaert,Lidwien
701,702,de Vos,Henny
702,703,Yang,Fuyi
703,704,Eriksson,Carina Ihlstrom
704,705,Akesson,Maria
705,706,Fife,Elizabeth
706,707,Pereira,Francis
707,708,Vladar,Andrea
708,709,Kim,Chung
709,710,Fischer,Martin
710,711,Lim,Yen Yang
711,712,Ganguli,Leena K.
712,713,Georgiadis,Christos K.
713,714,Stergiopoulou,Sofia H.
714,715,Grun,Christoph
715,716,Werthner,Hannes
716,717,Proll,Birgit
717,718,Retschitzegger,Werner
718,719,Schwinger,Wieland
719,720,Hammainen,Heikki
720,721,Hoehle,Hartmut
721,722,Kargl,Frank
722,723,Kowatsch,Tobias
723,724,Maass,Wolfgang
724,725,Filler,Andreas
725,726,Janzen,Sabine
726,727,Beer,Wolfgang
727,728,Bachfischer,Agnieszka
728,729,Dyson,Laurel Evelyn
729,730,Litchfield,Andrew
730,731,Loebbecke,Claudia
731,732,Huyskens,Claudio
732,733,Jarvenpaa,Sirkka L.
733,734,Renegar,Benjamin D.
734,735,de Reuver,Mark
735,736,Reveiu,Adriana
736,737,Smeureanu,Ion
737,738,Dardala,Marian
738,739,Sangwan,Sunanda
739,740,Guan,Chong
740,741,Sutherland,Adam
741,742,Lu,Jun
742,743,Yang,Deli
743,744,Tsiaousis,Alexandros S.
744,745,Haunstetter,Tobias
745,746,Palka,Wolfgang
746,747,Abbas,Roba
747,748,Aloudat,Anas
748,749,Al-Mekhlafi,Khalil
749,750,Zheng,Ziguang
750,751,Bodker,Mads
751,752,Gimpel,Greg
752,753,Hedman,Jonas
753,754,Chang,She-I
754,755,Peng,Tien-Cheng
755,756,Hung,Yu-Chung
756,757,Chang,I-Cheng
757,758,Hung,Wei-Hsi
758,759,Chen,Tsung Teng
759,760,Yen,David C.
760,761,Chu,Shan
761,762,Yao-bin,Lu
762,763,Deng,Zhahua
763,764,Zhang,Jinlong
764,765,Zhao,Ling
765,766,Wei,K. K.
766,767,Di,Wu
767,768,Hongyan,Guo
768,769,Huanhuan,Li
769,770,Brady,F.
770,771,Ge,Zhiyuan
771,772,Yu,Jiang
772,773,Gao,Ping
773,774,Cortimiglia,Marcelo
774,775,Hsueh,Hsiang-Yuan
775,776,Hua,Jing-Shiuan
776,777,Huang,Shi-Ming
777,778,Will,Hartmut J.
778,779,Wang,Zheng
779,780,Zhai,Jun
780,781,Wang,Jianjun
781,782,Hung,Shin-Yuan
782,783,Tsai,Chia-An
783,784,Dai,Pei-Jeng
784,785,Iijima,Junichi
785,786,Chujima,Tetsuhiro
786,787,Kitayama,Yumi
787,788,Jayasingh,Sudarsan
788,789,Eze,Uchenna Cyril
789,790,Jiang,Nan
790,791,Liu,Xiang-dong
791,792,Zhao,Jing-ying
792,793,Justice,Connie
793,794,Wu,Hunamei
794,795,Walton,Evelyn
795,796,Lantzouni,Panagiota
796,797,Ke,Yulong
797,798,Kim,Jong Woo
798,799,Huang,Jinghua
799,800,Chen,Jian
800,801,Park,Sung Joo
801,802,Kim,Yeon Jin
802,803,Kivi,Antero
803,804,Smura,Timo
804,805,Toyli,Juuso
805,806,Ku,Cheng-Yuan
806,807,Chang,Yi-Wen
807,808,Lai,Li-Wen
808,809,Lai,Chien-Yuan
809,810,Lee,Ching-Chang
810,811,Li,Longyi
811,812,Tao,Lihua
812,813,Liu,Rong
813,814,Qi,Jiayin
814,815,Maron,Markus
815,816,Magnus,Sebastian
816,817,Read,Kevin
817,818,Li,Shuangming
818,819,Zhong,Qiuyan
819,820,Peltomaki,Antti
820,821,Hallikainen,Petri
821,822,Habermann,Kai
822,823,Hufenbach,Yvonne
823,824,Goeke,Laura
824,825,Rohman,Ibrahim Kholilul
825,826,Ruihua,Qi
826,827,Deli,Yang
827,828,Runbo,Hu
828,829,Ryoo,Sungyul
829,830,Jeon,Soohyun
830,831,Chen,Ching-Chiang
831,832,Chiang,Hsiu-Sen
832,833,Kao,Ding-Yu
833,834,Sorri,Antti
834,835,Zhang,Ruixue
835,836,Gang,Duo
836,837,Sun,Quan
837,838,Wang,Chunlei
838,839,Cao,Hao
839,840,Tan,Zuowen
840,841,Wei,Qiang
841,842,Ren,Ming
842,843,Chen,Guoqing
843,844,Xianqiang,Meng
844,845,Bingjia,Shao
845,846,Junhui,He
846,847,Xu,Heng
847,848,Gupta,Sumeet
848,849,Rosson,Mary Beth
849,850,Yan,Qiang
850,851,Tang,Min
851,852,Yang,Yongqing
852,853,Falcarin,Paolo
853,854,Alamo,Jos{e} M. Del
854,855,Sienel,Juergen
855,856,Mejia,Jos{e} F.
856,857,Yuan,Wang
857,858,Shu,Yang
858,859,Yi-feng,Xu
859,860,Tong,Zhang
860,861,Wei,Guo
861,862,Yueliang,Wu
862,863,Zhang,Nan
863,864,Guo,Xunhua
864,865,Song,Gang
865,866,Zhao,Fei
866,867,Zhiping,Wu
867,868,Ailisto,Heikki
868,869,Alahuhta,Petteri
869,870,Alphonse,John
870,871,Hanseth,Ole
871,872,Annafari,Mohammad Tsani
872,873,Bernal,Jose F. Mejia
873,874,Ardito,Luca
874,875,Morisio,Maurizio
875,876,Bingley,Scott
876,877,Hackney,Raymond A
877,878,Sellitto,Carmine
878,879,Burgess,Stephen
879,880,Picco-Schwendener,Anna
880,881,Caus,Thorsten
881,882,Christmann,Stefan
882,883,Hagenhoff,Svenja
883,884,Sung,Jieun
884,885,Swierenga,Sarah J.
885,886,Yun,Younghwa
886,887,Che,Haiying
887,888,Oberweis,Andreas
888,889,Sturzel,Peter
889,890,Vogel,Matthias
890,891,Diplaris,S.
891,892,Kompatsiaris,I.
892,893,Flores,A.
893,894,Escriche,M.
894,895,Sigurbjornsson,B.
895,896,Garcia,L.
896,897,van Zwol,R.
897,898,Eaton,B.D.
898,899,Elaluf-Calderwood,S. M.
899,900,Sorensen,C.
900,901,Fusco,Sarah Jean
901,902,Moe,Sindre Paulsrud
902,903,Krogstie,John
903,904,Gasimov,Anar
904,905,Phang,Chee Wei
905,906,Sutanto,Juliana
906,907,Gatti,Ilaria Cristina
907,908,Perego,Alessandro
908,909,Tumino,Angela
909,910,Stiakakis,Emmanouil
910,911,Gerpott,Torsten J.
911,912,Berg,Sabrina
912,913,Goncalves,Vania
913,914,Dobbelaere,Philippe
914,915,Griffith,Terri L.
915,916,Cooper,Lynne P.
916,917,Milbrourn,Tad
917,918,Zhao,Yannan
918,919,Jin,Yan
919,920,Wang,Fang
920,921,Herzhoff,Jan D.
921,922,Juntunen,Antero
922,923,Karrberg,Patrik
923,924,Kim,Byung Geun
924,925,Yun,Haejung
925,926,Kettinger,William J.
926,927,Kondo,Fumiyo N.
927,928,Hirata,Jiro
928,929,Akter,Shahriar
929,930,Zamani,Efpraxia
930,931,Laugesen,John
931,932,Lehrer,Christiane
932,933,Hess,Thomas
933,934,Levy,Meira
934,935,Shoval,Peretz
935,936,Shapira,Bracha
936,937,Dayan,Aviram
937,938,Tubi,Meytal
938,939,Bartscher,Philipp
939,940,Weiss,Thomas
940,941,Weniger,Sandra
941,942,Soehnel,Anne
942,943,Mahmoud,Qusay H.
943,944,Popowicz,Pawel
944,945,Patriarcheas,Kiriakos
945,946,Xenos,Michalis
946,947,Picoto,Winnie Ng
947,948,Palma-dos-Reis,Antonio
948,949,Belanger,France
949,950,Platzer,Elisabeth
950,951,Rauch,Wolf
951,952,Brunnhofer,Martina
952,953,Dunabr,Amanda
953,954,Fisher,Sara
954,955,Rutherford,Jo
955,956,Stein,Stefan
956,957,Schmidt-Rauch,Susanne
957,958,Keller,Michael
958,959,See-To,Eric Wing Kuen
959,960,Westland,J. Christopher
960,961,Sell,Anna
961,962,Shi,Cong K.
962,963,Wildman,Steve S.
963,964,Hao,Xiaoming
964,965,Sia,Choon Ling
965,966,Shi,Yani
966,967,Wei,Jie
967,968,Yang,Jinbi
968,969,Wang,Nan
969,970,Verkasalo,Hannu
970,971,Virhia,Tuulia
971,972,Roberts,Gama
972,973,Itala,Timo
973,974,Varpilah,Tornorlah
974,975,Vuolle,Maiju
975,976,Kapyla,Jonna
976,977,von Watzdorf,Stephan
977,978,Ippisch,Tobias
978,979,Skorna,Alexander
979,980,Thiesse,Frederic
980,981,Xia,Ruixue
981,982,Rost,Mattias
982,983,Holmquist,Lars Erik
983,984,Wang,Hongxin
984,985,Ren,Yawei
985,986,Zarmpou,Theodora
986,987,Saprikis,Vaggelis
987,988,Vlachopoulou,Maro
988,989,Tsiotsou,Rodoula
989,990,Zhang,Chen
990,991,Choi,Jaewon
991,992,Kandus,Gorazd
992,993,Backman,Jere
993,994,Helaakoski,Heli
994,995,Borea,Chiara
995,996,Miragliotta,Giovanni
996,997,Pala,Emanuela
997,998,Borges,Monica
998,999,Rita,Paulo
999,1000,Pagani,Margherita
1000,1001,Diaz,Francisco Javier
1001,1002,Queiruga,Claudia Alejandra
1002,1003,Ferraresso,Alejandro
1003,1004,Larghi,Jose Luis
1004,1005,Yoo,Y.
1005,1006,Eckjans,Dennis
1006,1007,Fahling,Jens
1007,1008,Leimeister,Jan Marco
1008,1009,Krcmar,Helmut
1009,1010,Geisler,Saskia
1010,1011,Zelazny,Martin
1011,1012,Hermet,Gerard
1012,1013,Combet,Jacques
1013,1014,Hirakawa,Manabu
1014,1015,Li,Chao
1015,1016,Huang,Minfang
1016,1017,Moon,Yeon Joon
1017,1018,Lee,Sunnyoung
1018,1019,Kounavis,Chris D.
1019,1020,Krishnamurthy,Raghuraman
1020,1021,Jagannathan,Saikumar
1021,1022,Negash,Solomon
1022,1023,Neirotti,Paolo
1023,1024,Paolucci,Emilio
1024,1025,Raguseo,Elisabetta
1025,1026,Eng,Jamie
1026,1027,Carignani,Andrea
1027,1028,Gemmo,Vanessa
1028,1029,Negri,Lorenzo
1029,1030,Nikou,Shahrokh
1030,1031,Mezei,Jozsef
1031,1032,OConnor,Yvonne
1032,1033,ODonoghue,John
1033,1034,OReilly,Philip
1034,1035,Olsen,Mia
1035,1036,Vatrapu,Ravi
1036,1037,Lyytinen,Kalle
1037,1038,Papaioannou,Eugenia
1038,1039,Reuver,Mark De
1039,1040,Ongena,Guido
1040,1041,Riquelme,Hernan E.
1041,1042,Enezi,Saleh Al
1042,1043,Rios,Rosa E.
1043,1044,Roldsgaard,Kasper Vilstrup
1044,1045,Bajrovic,Sead
1045,1046,Samarajiva,Rohan
1046,1047,Zainudeen,Ayesha
1047,1048,Al-Dabbagh,Balsam
1048,1049,Srinuan,Chalita
1049,1050,Teppayayon,Orada
1050,1051,Tilson,David
1051,1052,Tobbin,Peter
1052,1053,Trudel,Maxime
1053,1054,Boeck,Harold
1054,1055,Bastonnais,Mylene
1055,1056,Rabec,Charley
1056,1057,Bergeron,Maxime St-Jean
1057,1058,Tuunanen,Tuure
1058,1059,Piispanen,Jouni
1059,1060,Patsioura,Fotini
1060,1061,Zhanga,Aihua
1061,1062,Yue,Xing
1062,1063,Kong,Ying
1063,1064,Zifceac,Adela
1064,1065,Mlesnita,Radu-Adrian
1065,1066,Russel,Martha G.
1066,1067,Huhtamaki,Jukka
1067,1068,Rubens,Neil
1068,1069,Chun-Wang,Tsou
1069,1070,Yin-Tsuo,Huang
1070,1071,Orjuela,Juan
1071,1072,Hess,Basil
1072,1073,Ameling,Michael
1073,1074,von Reischach,Felix
1074,1075,Kemppainen,Matti
1075,1076,Ishida,Hisashi
1076,1077,Ghyas,Qazi Mahdia
1077,1078,Kouris,Iana
1078,1079,Kleer,Rob
1079,1080,Liu,Yong
1080,1081,Li,Hongxiu
1081,1082,Mallenius,Seppo
1082,1083,Manner,Julia
1083,1084,Nienaber,David
1084,1085,Schermann,Michael
1085,1086,Nikayin,Fatemeh
1086,1087,Bowman,Harry
1087,1088,Guo,Jie
1088,1089,Nyakaisiki,Sheba
1089,1090,Pei,Yanli
1090,1091,Raju,Anand
1091,1092,Lewis,Tim
1092,1093,Stamatelatos,Makis
1093,1094,Heerschap,Nico
1094,1095,Spek,Sander
1095,1096,Braet,Olivier
1096,1097,Xiangpei,Hu
1097,1098,Mu,Du
1098,1099,Lijun,Sun
1099,1100,Minfang,Huang
1100,1101,Pouloudi,Nancy
1101,1102,Aidi,Laili
1102,1103,Markendahl,Jan
1103,1104,Tollmar,Konrad
1104,1105,Selvakumar,Ekambar
1105,1106,Apanasevic,Tatjana
1106,1107,Putrevu,Jagannath
1107,1108,Buchinger,Uschi
1108,1109,Ranaivoson,Heritiana
1109,1110,Buckel,Thomas
1110,1111,Budu,Joseph
1111,1112,Boateng,Richard
1112,1113,Calin,Mihai
1113,1114,Picco-schwendener,Anna
1114,1115,Cantoni,Lorenzo
1115,1116,Eriksson,Niklas
1116,1117,Westerlund,Magnus
1117,1118,Rosenbroijer,Carl-Johan
1118,1119,Aittoniemi,Hellevi
1119,1120,Mellin,Ted
1120,1121,Fransman,Krista
1121,1122,Fischer,Nikolaus
1122,1123,Hable,Richard
1123,1124,Pergler,Elisabeth
1124,1125,Ram,David
1125,1126,Camacho,Sonia
1126,1127,Kasimati,Anna E.
1127,1128,Klein,Amarolinda
1128,1129,Costa,Eliane
1129,1130,Vieira,Luciana
1130,1131,Teixeira,Rafael
1131,1132,Leelawat,Natt
1132,1133,Pee,L. G.
1133,1134,Rosenqvist,Christopher
1134,1135,Andersson,Per
1135,1136,Mattsson,Lars-Gunnar
1136,1137,Noyen,Kay
1137,1138,Baumann,Matthias
1138,1139,Michahelles,Florian
1139,1140,Jurisch,Marlen
1140,1141,Schreiber,Veronika
1141,1142,Worf,Petra
1142,1143,Glatz,Daniela
1143,1144,Pournarakis,Demitrios
1144,1145,Sotiropoulos,Dionisios N.
1145,1146,Raffelsieper,Matthias
1146,1147,Ilic,Alexander
1147,1148,Keller,Thorben
1148,1149,Fleisch,Elgar
1149,1150,Sammer,Thomas
1150,1151,Vogeli,Sandro
1151,1152,Back,Andrea
1152,1153,Seeger,Greta
1153,1154,Bick,Markus
1154,1155,Petridis,Konstantinos
